b_row,true_item_code,planted_issue
1,GLD-0011,abbreviated_name
2,SLAT-0011,clean
3,STL-0007,legacy_code
4,POWDER-0004,legacy_code
5,SCR-0007,abbreviated_name+legacy_code
6,STL-0005,clean
7,POWDER-0013,abbreviated_name+legacy_code
8,SLAT-0001,clean
9,SLAT-0010,cost_conflict
10,STL-0012,work_center_conflict
11,MESH-0002,abbreviated_name+legacy_code
12,AL-0011,abbreviated_name+legacy_code
13,SLAT-0006,clean
14,SLAT-0012,clean
15,SLAT-0008,abbreviated_name+legacy_code
16,SCR-0002,clean
17,,phantom_item
18,SCR-0003,abbreviated_name+legacy_code
19,CUSH-0010,clean
20,POWDER-0003,prefix_variant
21,POWDER-0012,prefix_variant
22,SCR-0010,abbreviated_name+legacy_code
23,CUSH-0008,abbreviated_name
24,GLD-0002,clean
25,CUSH-0005,abbreviated_name
26,GLD-0013,work_center_conflict
27,SCR-0006,legacy_code
28,CUSH-0004,abbreviated_name
29,AL-0013,clean
30,GLD-0006,legacy_code
31,AL-0005,clean
32,AL-0006,clean
33,POWDER-0001,prefix_variant+abbreviated_name
34,MESH-0006,legacy_code
35,MESH-0011,abbreviated_name
36,SCR-0013,legacy_code
37,AL-0007,clean
38,GLD-0001,legacy_code
39,STL-0004,clean
40,MESH-0001,abbreviated_name+legacy_code
41,STL-0010,abbreviated_name+legacy_code
42,AL-0009,legacy_code
43,SLAT-0013,abbreviated_name+legacy_code
44,MESH-0008,legacy_code
45,STL-0009,clean
46,STL-0008,clean
47,CUSH-0003,clean
48,AL-0010,legacy_code
49,GLD-0003,abbreviated_name+legacy_code
50,SLAT-0002,legacy_code
51,MESH-0005,abbreviated_name
52,MESH-0010,clean
53,STL-0011,legacy_code
54,POWDER-0007,abbreviated_name+legacy_code
55,AL-0002,abbreviated_name+legacy_code
56,POWDER-0002,legacy_code
57,MESH-0007,legacy_code
58,SLAT-0005,legacy_code
59,MESH-0003,abbreviated_name+legacy_code
60,GLD-0012,clean
61,CUSH-0004,duplicate_row
62,CUSH-0007,clean
63,STL-0006,clean
64,SCR-0011,clean
65,SCR-0005,abbreviated_name+legacy_code
66,CUSH-0009,cost_conflict
67,SCR-0004,clean
68,POWDER-0011,abbreviated_name+legacy_code
69,MESH-0009,abbreviated_name
70,CUSH-0002,work_center_conflict
71,AL-0003,cost_conflict
72,SLAT-0009,clean
73,AL-0012,abbreviated_name
74,GLD-0009,clean
75,POWDER-0010,abbreviated_name+legacy_code
76,AL-0004,cost_conflict
77,GLD-0004,abbreviated_name
78,SLAT-0003,clean
79,STL-0013,clean
80,SCR-0012,abbreviated_name
81,SCR-0008,abbreviated_name+legacy_code
82,GLD-0010,legacy_code
83,AL-0008,abbreviated_name
84,STL-0001,clean
85,SCR-0001,swapped_code
86,SCR-0009,abbreviated_name
87,POWDER-0008,clean
88,GLD-0008,legacy_code
89,SLAT-0007,legacy_code
90,CUSH-0001,abbreviated_name+legacy_code
91,STL-0003,clean
92,AL-0001,abbreviated_name
93,SLAT-0004,legacy_code
94,CUSH-0006,cost_conflict
95,POWDER-0006,prefix_variant+abbreviated_name
96,POWDER-0009,legacy_code
97,POWDER-0005,clean
98,GLD-0007,legacy_code
99,MESH-0004,abbreviated_name
100,GLD-0005,clean
101,STL-0002,clean
